name,amount,category,date
can,15,Food,7/2/2025
milk,5,Milk & Snacks,7/2/2025
tea powder,10,Grocery,7/2/2025
Eb bill(april-may),150.5,Other,7/2/2025
milk,5,Milk & Snacks,7/3/2025
nfood,33,Food,7/3/2025
juice,20,Milk & Snacks,7/4/2025
kalan,60,Milk & Snacks,7/4/2025
nfoood,33,Food,7/4/2025
mooru,16,Food,7/5/2025
"vegtable,anil,rice",36.5,Grocery,7/5/2025
can,15,Food,7/5/2025
samosa,30,Milk & Snacks,7/5/2025
juice,10,Milk & Snacks,7/5/2025
nfood,25,Food,7/5/2025
mfood,40,Food,7/6/2025
curd,12.5,Food,7/6/2025
chips,10,Food,7/6/2025
"veg,scruber",17.5,Grocery,7/6/2025
bathi,5,Grocery,7/6/2025
samosa yst,10,2,7/6/2025
nfood,30,Food,7/6/2025
juice,45,Milk & Snacks,7/7/2025
milk,10,Milk & Snacks,7/7/2025
nfood,40,Food,7/7/2025
nfood,25,Food,7/9/2025
milk,5,Milk & Snacks,7/9/2025
kalan,25,Milk & Snacks,7/9/2025
"scrub,surf",15,Grocery,7/9/2025
can,15,Food,7/9/2025
SHIRT,288,Clothing,7/9/2025
milk,5,Milk & Snacks,7/14/2025
nfood,20,Food,7/14/2025
can,15,Food,7/14/2025
milk,5,Milk & Snacks,7/15/2025
ellkai,5,Grocery,7/15/2025
nfood,20,Food,7/15/2025
banana,60,Food,7/15/2025
sugar,12,Grocery,7/15/2025
milk,5,Milk & Snacks,7/16/2025
"kondakadalai,....",100,Grocery,7/16/2025
nfood,20,Food,7/16/2025
body wash ,105,Grocery,7/16/2025
phenyl,45,Grocery,7/16/2025
milk,5,Milk & Snacks,7/17/2025
fan repair,100,Other,7/17/2025
nfood,20,Food,7/17/2025
course apptitude,479,Other,7/17/2025
pen,70,Stationary,7/17/2025
nfood,45,Food,7/19/2025
can,15,Food,7/20/2025
rice rava masala ,30,Grocery,7/20/2025
vegtable,33,Grocery,7/20/2025
milk surf ginger chilly,31,Grocery,7/20/2025
chilly ,2.5,Grocery,7/20/2025
vim soap,10,Grocery,7/20/2025
"milk (milli,chilly powder) ",23.5,Grocery,7/20/2025
curd ,12.5,Food,2025-07-20
nfood ,45.0,Food,2025-07-21
juice ,40.0,Milk & Snacks,2025-07-21
milk kalan,40.0,Milk & Snacks,2025-07-21
maggie,30.0,Food,2025-07-21
cleaning brush ,12.5,Grocery,2025-07-21
milk and samosa ,30,Milk & Snacks,2025-07-22
samiya,10.0,Food,2025-07-24
oniain,5.0,Grocery,2025-07-24
milk and snacks,37.5,Milk & Snacks,2025-07-24
can ,15.0,Food,2025-07-24
snacks ,32.5,Milk & Snacks,2025-07-26
gercory ,51.5,Grocery,2025-07-26
rice ,42.5,Grocery,2025-07-26
vegtable,15.0,Grocery,2025-07-26
nfood,45.0,Food,2025-07-26
curd ,10.0,Food,2025-07-26
